Feature Extractor,Classifier,Accuracy,F1 Micro,F1 Macro
TF-IDF,Naive Bayes,0.7746478873239436,0.7746478873239436,0.7742448330683624
TF-IDF,Naive Bayes,0.7746478873239436,0.7746478873239436,0.7742448330683624
BoW,Naive Bayes,0.7605633802816901,0.7605633802816902,0.7605633802816902
